{
  "trainer_exe": "MarvelsSpiderManRemastered_trainer.exe",
  "game_name": "Marvel's Spider-Man Remastered",
  "cheats": [
    { "name": "God Mode/Ignore Hits", "key": "NUM1", "type": "toggle" },
    { "name": "Infinite Health", "key": "NUM2", "type": "toggle" },
    { "name": "Edit Max Health 500", "key": "NUM3", "type": "apply" },
    { "name": "Infinite Focus", "key": "NUM4", "type": "toggle" },
    { "name": "Infinite Gadgets Ammo", "key": "NUM5", "type": "toggle" },
    { "name": "Suit Power Instant Cooldown", "key": "NUM6", "type": "toggle" },
    { "name": "Infinite Suit Power Duration", "key": "NUM7", "type": "toggle" },
    { "name": "Infinite Scan Duration", "key": "NUM8", "type": "toggle" },
    { "name": "Max Combo", "key": "NUM9", "type": "toggle" },
    { "name": "Super Damage/One Hit Kills", "key": "NUM0", "type": "toggle" },
    { "name": "Damage Multiplier 2.0", "key": "NUM.", "type": "toggle" },
    { "name": "Defense Multiplier 2.0", "key": "NUM+", "type": "toggle" },

    { "name": "Stealth Mode", "key": "CTRL+NUM1", "type": "toggle" },
    { "name": "Infinite XP", "key": "CTRL+NUM2", "type": "toggle" },
    { "name": "XP Multiplier 2.0", "key": "CTRL+NUM3", "type": "toggle" },
    { "name": "Infinite Skill Points", "key": "CTRL+NUM4", "type": "toggle" },
    { "name": "Easy Complete Benchmark Challenges", "key": "CTRL+NUM5", "type": "toggle" },
    { "name": "Freeze Challenge Timer", "key": "CTRL+NUM6", "type": "toggle" },
    { "name": "Max Challenge Score", "key": "CTRL+NUM7", "type": "toggle" },
    { "name": "Ignore Crafting Requirements", "key": "CTRL+NUM8", "type": "toggle" },
    { "name": "Set Game Speed 2.5", "key": "CTRL+NUM9", "type": "toggle" },

    { "name": "Edit Research Tokens 999", "key": "ALT+NUM1", "type": "apply" },
    { "name": "Edit Landmark Tokens 999", "key": "ALT+NUM2", "type": "apply" },
    { "name": "Edit Base Tokens 999", "key": "ALT+NUM3", "type": "apply" },
    { "name": "Edit Crime Tokens 999", "key": "ALT+NUM4", "type": "apply" },
    { "name": "Edit Challenge Tokens 999", "key": "ALT+NUM5", "type": "apply" },
    { "name": "Edit Backpack Tokens 999", "key": "ALT+NUM6", "type": "apply" },

    { "name": "Save Location", "key": "ALT+NUM7", "type": "toggle" },
    { "name": "Teleport", "key": "ALT+NUM8", "type": "toggle" },
    { "name": "Teleport To Waypoint", "key": "ALT+NUM9", "type": "toggle" }
  ]
}
