{
  "trainer_exe": "CrashBandicoot4_trainer.exe",
  "game_name": "Crash Bandicoot 4: It's About Time",

  "categories": [
    {
      "name": "Player",
      "cheats": [
        { "name": "Unlimited Life", "keyCombo": "Ctrl+1", "type": "toggle" },
        { "name": "Super Apples", "keyCombo": "Ctrl+2", "type": "toggle" },
        { "name": "Super Box", "keyCombo": "Ctrl+3", "type": "toggle" },
        { "name": "Unlimited Double Jump", "keyCombo": "Ctrl+4", "type": "toggle" },
        { "name": "No Death", "keyCombo": "Ctrl+5", "type": "toggle" }
      ]
    }
  ]
}
