{
  "trainer_exe": "MarvelsSpiderManMilesMorales_Trainer.exe",
  "game_name": "Marvel's Spider-Man: Miles Morales",

  "cheats": [
    { "name": "God Mode / Ignore Hits", "key": "NUM1", "type": "toggle" },
    { "name": "Infinite Health", "key": "NUM2", "type": "toggle" },
    { "name": "Edit Max Health 500", "key": "NUM3", "type": "apply" },
    { "name": "Max Venom Bar", "key": "NUM4", "type": "toggle" },
    { "name": "Infinite Gadgets Ammo", "key": "NUM5", "type": "toggle" },
    { "name": "Infinite Finishers", "key": "NUM6", "type": "toggle" },
    { "name": "Max Combo", "key": "NUM7", "type": "toggle" },
    { "name": "Infinite Scan Duration", "key": "NUM8", "type": "toggle" },
    { "name": "Set Game Speed 2.5", "key": "NUM9", "type": "apply" },
    { "name": "Super Damage / One Hit Kills", "key": "NUM0", "type": "toggle" },
    { "name": "Damage Multiplier 2.0", "key": "NUM.", "type": "toggle" },
    { "name": "Defense Multiplier 2.0", "key": "NUM+", "type": "toggle" },

    { "name": "Stealth Mode", "key": "CTRL+NUM1", "type": "toggle" },
    { "name": "Infinite XP", "key": "CTRL+NUM2", "type": "toggle" },
    { "name": "XP Multiplier 2.0", "key": "CTRL+NUM3", "type": "toggle" },
    { "name": "Edit Skill Points 99", "key": "CTRL+NUM4", "type": "apply" },
    { "name": "Easy Complete Benchmarks", "key": "CTRL+NUM5", "type": "toggle" },
    { "name": "Ignore Crafting Requirements", "key": "CTRL+NUM6", "type": "toggle" },
    { "name": "Edit Activity Tokens 999", "key": "CTRL+NUM7", "type": "apply" },
    { "name": "Edit Tech Parts 999", "key": "CTRL+NUM8", "type": "apply" },
    { "name": "Freeze Challenge Timer", "key": "CTRL+NUM9", "type": "toggle" },
    { "name": "Freeze Countdown Timer", "key": "CTRL+NUM0", "type": "toggle" }
  ]
}
