{
  "trainer_exe": "MarvelsSpiderManMilesMorales_Trainer.exe",
  "game_name": "Marvel's Spider-Man: Miles Morales",

  "categories": [
    {
      "name": "General",
      "cheats": [
        { "name": "God Mode / Ignore Hits", "keyCombo": "Num1", "type": "toggle" },
        { "name": "Infinite Health", "keyCombo": "Num2", "type": "toggle" },
        { "name": "Edit Max Health 500", "keyCombo": "Num3", "type": "pulse" },
        { "name": "Max Venom Bar", "keyCombo": "Num4", "type": "toggle" },
        { "name": "Infinite Gadgets Ammo", "keyCombo": "Num5", "type": "toggle" },
        { "name": "Infinite Finishers", "keyCombo": "Num6", "type": "toggle" },
        { "name": "Max Combo", "keyCombo": "Num7", "type": "toggle" },
        { "name": "Infinite Scan Duration", "keyCombo": "Num8", "type": "toggle" },
        { "name": "Set Game Speed 2.5", "keyCombo": "Num9", "type": "pulse" },
        { "name": "Super Damage / One Hit Kills", "keyCombo": "Num0", "type": "toggle" },
        { "name": "Damage Multiplier 2.0", "keyCombo": "NumDel", "type": "toggle" },
        { "name": "Defense Multiplier 2.0", "keyCombo": "Num+", "type": "toggle" }
      ]
    },

    {
      "name": "Progress",
      "cheats": [
        { "name": "Stealth Mode", "keyCombo": "Ctrl+Num1", "type": "toggle" },
        { "name": "Infinite XP", "keyCombo": "Ctrl+Num2", "type": "toggle" },
        { "name": "XP Multiplier 2.0", "keyCombo": "Ctrl+Num3", "type": "toggle" },
        { "name": "Edit Skill Points 99", "keyCombo": "Ctrl+Num4", "type": "pulse" },
        { "name": "Easy Complete Benchmarks", "keyCombo": "Ctrl+Num5", "type": "toggle" },
        { "name": "Ignore Crafting Requirements", "keyCombo": "Ctrl+Num6", "type": "toggle" },
        { "name": "Edit Activity Tokens 999", "keyCombo": "Ctrl+Num7", "type": "pulse" },
        { "name": "Edit Tech Parts 999", "keyCombo": "Ctrl+Num8", "type": "pulse" },
        { "name": "Freeze Challenge Timer", "keyCombo": "Ctrl+Num9", "type": "toggle" },
        { "name": "Freeze Countdown Timer", "keyCombo": "Ctrl+Num0", "type": "toggle" }
      ]
    }
  ]
}
