{
  "trainer_exe": "AlanWake2_trainer.exe",
  "game_name": "Alan Wake 2",

  "categories": [
    {
      "name": "Player Combat",
      "cheats": [
        { "name": "Infinite Health",                     "keyCombo": "Num1",        "type": "toggle" },
        { "name": "Infinite Ammo",                       "keyCombo": "Num2",        "type": "toggle" },
        { "name": "No Reload",                           "keyCombo": "Num3",        "type": "toggle" },
        { "name": "Infinite Flashlight Energy",          "keyCombo": "Num4",        "type": "toggle" },
        { "name": "Super Accuracy",                      "keyCombo": "Num5",        "type": "toggle" },
        { "name": "Rapid Fire",                          "keyCombo": "Num6",        "type": "toggle" },
        { "name": "Instant Reload",                      "keyCombo": "Num7",        "type": "toggle" },
        { "name": "No Recoil",                           "keyCombo": "Num8",        "type": "toggle" },
        { "name": "Set Player Speed 2.0",                "keyCombo": "Num9",        "type": "toggle" },
        { "name": "Super Damage / One Hit Kills",        "keyCombo": "Num0",        "type": "toggle" },
        { "name": "Damage Multiplier 2.0",               "keyCombo": "Num.",        "type": "toggle" },
        { "name": "Defense Multiplier 2.0",              "keyCombo": "Num+",        "type": "toggle" }
      ]
    },

    {
      "name": "Items & Gameplay",
      "cheats": [
        { "name": "Edit Manuscript Fragments 99",        "keyCombo": "Alt+Num1",    "type": "pulse" },
        { "name": "Infinite Healing Items",              "keyCombo": "Alt+Num2",    "type": "toggle" },
        { "name": "Infinite Battery Packs",              "keyCombo": "Alt+Num3",    "type": "toggle" },
        { "name": "Edit Selected Item Amount 99",        "keyCombo": "Alt+Num4",    "type": "pulse" },
        { "name": "Items Won't Decrease",                "keyCombo": "Alt+Num5",    "type": "toggle" },
        { "name": "Set Game Speed 2.5",                  "keyCombo": "Alt+Num6",    "type": "toggle" }
      ]
    },

    {
      "name": "Edit Words of Power (F Keys)",
      "cheats": [
        { "name": "Wellness Retreat 3",                  "keyCombo": "F1",          "type": "pulse" },
        { "name": "God Rays 3",                          "keyCombo": "F2",          "type": "pulse" },
        { "name": "Wheels Within Wheels 2",              "keyCombo": "F3",          "type": "pulse" },

        { "name": "Roulette 3",                          "keyCombo": "F4",          "type": "pulse" },
        { "name": "Personal Space 3",                    "keyCombo": "F5",          "type": "pulse" },
        { "name": "Sunny Skies 3",                       "keyCombo": "F6",          "type": "pulse" },
        { "name": "Full Stop 3",                         "keyCombo": "F7",          "type": "pulse" },
        { "name": "Paint the Town 3",                    "keyCombo": "F8",          "type": "pulse" },
        { "name": "Goes Around 3",                       "keyCombo": "F9",          "type": "pulse" },

        { "name": "Tourist Map 1",                       "keyCombo": "F10",         "type": "pulse" },
        { "name": "Magic Pocket 1",                      "keyCombo": "F11",         "type": "pulse" },
        { "name": "Battery 1",                           "keyCombo": "F12",         "type": "pulse" }
      ]
    },

    {
      "name": "Edit Words of Power (SHIFT + F Keys)",
      "cheats": [
        { "name": "Torchbearer 3",                       "keyCombo": "Shift+F1",    "type": "pulse" },
        { "name": "ER 3",                                "keyCombo": "Shift+F2",    "type": "pulse" },
        { "name": "Prescription 3",                      "keyCombo": "Shift+F3",    "type": "pulse" },
        { "name": "It's Personal 3",                     "keyCombo": "Shift+F4",    "type": "pulse" },
        { "name": "Never There 3",                       "keyCombo": "Shift+F5",    "type": "pulse" },
        { "name": "Turning Tables 3",                    "keyCombo": "Shift+F6",    "type": "pulse" },
        { "name": "Main Attraction 3",                   "keyCombo": "Shift+F7",    "type": "pulse" },
        { "name": "In the Headlights 3",                 "keyCombo": "Shift+F8",    "type": "pulse" },
        { "name": "Lucky Strike 3",                      "keyCombo": "Shift+F9",    "type": "pulse" }
      ]
    }
  ]
}
