{
  "trainer_exe": "Returnal_trainer.exe",
  "game_name": "Returnal",
  "cheats": [
    { "name": "GOD MODE / IGNORE HITS", "key": "NUM1", "type": "toggle" },
    { "name": "INFINITE HEALTH", "key": "NUM2", "type": "toggle" },
    { "name": "EDIT MAX HEALTH 10", "key": "NUM3", "type": "apply" },
    { "name": "DASH INSTANT COOLDOWN", "key": "NUM4", "type": "toggle" },
    { "name": "INFINITE AMMO / NO RELOAD", "key": "NUM5", "type": "toggle" },
    { "name": "SUPER ACCURACY", "key": "NUM6", "type": "toggle" },
    { "name": "NO RECOIL", "key": "NUM7", "type": "toggle" },
    { "name": "RAPID FIRE", "key": "NUM8", "type": "toggle" },
    { "name": "ONE HIT STUN", "key": "NUM9", "type": "toggle" },

    { "name": "STUN MULTIPLIER 2.0", "key": "NUM0", "type": "apply" },
    { "name": "SUPER DAMAGE / ONE HIT KILLS", "key": "NUM.", "type": "toggle" },
    { "name": "DAMAGE MULTIPLIER 2.0", "key": "NUM+", "type": "apply" },
    { "name": "DEFENSE MULTIPLIER 2.0", "key": "NUM-", "type": "apply" },

    { "name": "INFINITE ETHER", "key": "CTRL+NUM1", "type": "toggle" },
    { "name": "INFINITE ATROPIAN KEYS", "key": "CTRL+NUM2", "type": "toggle" },
    { "name": "INFINITE OBOLITES", "key": "CTRL+NUM3", "type": "toggle" },
    { "name": "INFINITE ECHOING KEYS", "key": "CTRL+NUM4", "type": "toggle" },
    { "name": "MAX PROFICIENCY", "key": "CTRL+NUM5", "type": "apply" },
    { "name": "PROFICIENCY MULTIPLIER 2.0", "key": "CTRL+NUM6", "type": "apply" },

    { "name": "SET GAME SPEED 2.5", "key": "CTRL+NUM7", "type": "apply" },
    { "name": "SET PLAYER SPEED 2.0", "key": "CTRL+NUM8", "type": "apply" },
    { "name": "SET MOVEMENT SPEED 2.0", "key": "CTRL+NUM9", "type": "apply" },
    { "name": "INFINITE JUMPS", "key": "CTRL+NUM0", "type": "toggle" }
  ]
}
