{
  "trainer_exe": "Returnal_trainer.exe",
  "game_name": "Returnal",
  "categories": [
    {
      "name": "Main Cheats",
      "cheats": [
        { "name": "God Mode/Ignore Hits", "keyCombo": "NUM1", "type": "toggle" },
        { "name": "Infinite Health", "keyCombo": "NUM2", "type": "toggle" },
        { "name": "Edit Max Health 10", "keyCombo": "NUM3", "type": "toggle" },
        { "name": "Dash Instant Cooldown", "keyCombo": "NUM4", "type": "toggle" },
        { "name": "Infinite Ammo/No Reload", "keyCombo": "NUM5", "type": "toggle" },
        { "name": "Super Accuracy", "keyCombo": "NUM6", "type": "toggle" },
        { "name": "No Recoil", "keyCombo": "NUM7", "type": "toggle" },
        { "name": "Rapid Fire", "keyCombo": "NUM8", "type": "toggle" },
        { "name": "One Hit Stun", "keyCombo": "NUM9", "type": "toggle" },
        { "name": "Stun Multiplier 2.0", "keyCombo": "NUM0", "type": "toggle" },
        { "name": "Super Damage/One Hit Kills", "keyCombo": "NUM.", "type": "toggle" },
        { "name": "Damage Multiplier 2.0", "keyCombo": "NUM+", "type": "toggle" },
        { "name": "Defense Multiplier 2.0", "keyCombo": "NUM-", "type": "toggle" }
      ]
    },
    {
      "name": "Resources",
      "cheats": [
        { "name": "Infinite Ether", "keyCombo": "CTRL+NUM1", "type": "toggle" },
        { "name": "Infinite Atropian Keys", "keyCombo": "CTRL+NUM2", "type": "toggle" },
        { "name": "Infinite Obolites", "keyCombo": "CTRL+NUM3", "type": "toggle" },
        { "name": "Infinite Echoing Keys", "keyCombo": "CTRL+NUM4", "type": "toggle" },
        { "name": "Max Proficiency", "keyCombo": "CTRL+NUM5", "type": "toggle" },
        { "name": "Proficiency Multiplier 2.0", "keyCombo": "CTRL+NUM6", "type": "toggle" },
        { "name": "Set Game Speed 2.5", "keyCombo": "CTRL+NUM7", "type": "toggle" },
        { "name": "Set Player Speed 2.0", "keyCombo": "CTRL+NUM8", "type": "toggle" },
        { "name": "Set Movement Speed 2.0", "keyCombo": "CTRL+NUM9", "type": "toggle" },
        { "name": "Infinite Jumps", "keyCombo": "CTRL+NUM0", "type": "toggle" }
      ]
    }
  ]
}
