{
  "trainer_exe": "HollowKnight_trainer.exe",
  "game_name": "Hollow Knight",
  "categories": [
    {
      "name": "Main Cheats",
      "cheats": [
        { "name": "Invincible", "keyCombo": "NUM1", "type": "toggle" },
        { "name": "Infinite Soul", "keyCombo": "NUM2", "type": "toggle" },
        { "name": "Fast Attack Speed", "keyCombo": "NUM3", "type": "toggle" },
        { "name": "Infinite Double Jumps", "keyCombo": "NUM4", "type": "toggle" },
        { "name": "Infinite Dashes", "keyCombo": "NUM5", "type": "toggle" },
        { "name": "Infinite Geo", "keyCombo": "NUM6", "type": "toggle" },
        { "name": "Geo Multiplier 2.0", "keyCombo": "NUM7", "type": "toggle" },
        { "name": "Set Player Speed 2.5", "keyCombo": "NUM8", "type": "toggle" },
        { "name": "Set Game Speed 2.5", "keyCombo": "NUM9", "type": "toggle" },
        { "name": "One Hit Kill", "keyCombo": "NUM0", "type": "toggle" }
      ]
    },
    {
      "name": "Player Mods",
      "cheats": [
        { "name": "Edit Charm Slots 99", "keyCombo": "CTRL+NUM1", "type": "toggle" }
      ]
    }
  ]
}
