{
  "trainer_exe": "HollowKnight_trainer.exe",
  "game_name": "Hollow Knight",

  "categories": [
    {
      "name": "Player & Combat",
      "cheats": [
        { "name": "Invincible",                     "keyCombo": "Num1",        "type": "toggle" },
        { "name": "Infinite Soul",                  "keyCombo": "Num2",        "type": "toggle" },
        { "name": "Fast Attack Speed",              "keyCombo": "Num3",        "type": "toggle" },
        { "name": "Infinite Double Jumps",          "keyCombo": "Num4",        "type": "toggle" },
        { "name": "Infinite Dashes",                "keyCombo": "Num5",        "type": "toggle" },
        { "name": "Infinite Geo",                   "keyCombo": "Num6",        "type": "toggle" },

        { "name": "Geo Multiplier 2.0",             "keyCombo": "Num7",        "type": "value" },
        { "name": "Set Player Speed 2.5",           "keyCombo": "Num8",        "type": "value" },
        { "name": "Set Game Speed 2.5",             "keyCombo": "Num9",        "type": "value" },

        { "name": "One Hit Kill",                   "keyCombo": "Num0",        "type": "toggle" }
      ]
    },

    {
      "name": "Progression",
      "cheats": [
        { "name": "Edit Charm Slots 99",            "keyCombo": "Ctrl+Num1",   "type": "pulse" }
      ]
    }
  ]
}
