{
  "trainer_exe": "Cuphead_trainer.exe",
  "game_name": "Cuphead",

  "categories": [
    {
      "name": "Player & Combat",
      "cheats": [
        { "name": "God Mode / Ignore Hits",     "keyCombo": "Num1",    "type": "toggle" },
        { "name": "Infinite Health",            "keyCombo": "Num2",    "type": "toggle" },
        { "name": "Infinite Super",             "keyCombo": "Num3",    "type": "toggle" },
        { "name": "Infinite Coins",             "keyCombo": "Num4",    "type": "toggle" },

        { "name": "Set Game Speed 2.5",         "keyCombo": "Num5",    "type": "toggle" },

        { "name": "Infinite Jumps",             "keyCombo": "Num6",    "type": "toggle" },
        { "name": "Best Level Grade",           "keyCombo": "Num7",    "type": "toggle" },
        { "name": "One Hit Kill",               "keyCombo": "Num0",    "type": "toggle" }
      ]
    }
  ]
}
