{
  "trainer_exe": "DynastyWarriorsOrigins_trainer.exe",
  "game_name": "Dynasty Warriors: Origins",

  "categories": [

    {
      "name": "Player",
      "cheats": [
        { "name": "God Mode / Ignore Hits", "keyCombo": "Num1", "type": "toggle" },
        { "name": "Infinite Health", "keyCombo": "Num2", "type": "toggle" },
        { "name": "Infinite Companions Health", "keyCombo": "Num3", "type": "toggle" },
        { "name": "Infinite Musou", "keyCombo": "Num4", "type": "toggle" },
        { "name": "Infinite Bravery", "keyCombo": "Num5", "type": "toggle" },
        { "name": "Infinite War God Rage Duration", "keyCombo": "Num6", "type": "toggle" },
        { "name": "Infinite Horse Endurance", "keyCombo": "Num7", "type": "toggle" },
        { "name": "Max K.O.", "keyCombo": "Num8", "type": "toggle" },
        { "name": "Freeze Mission Timer", "keyCombo": "Num9", "type": "toggle" },
        { "name": "Super Damage / One Hit Kills", "keyCombo": "Num0", "type": "toggle" },
        { "name": "Damage Multiplier 2.0", "keyCombo": "Num.", "type": "toggle" },
        { "name": "Defense Multiplier 2.0", "keyCombo": "Num+", "type": "toggle" }
      ]
    },

    {
      "name": "Movement / Speed",
      "cheats": [
        { "name": "Fast Movement Speed", "keyCombo": "Alt+Num5", "type": "toggle" },
        { "name": "Super Jump", "keyCombo": "Alt+Num6", "type": "toggle" },
        { "name": "Set Game Speed 2.5", "keyCombo": "Alt+Num7", "type": "toggle" }
      ]
    },

    {
      "name": "Horse",
      "cheats": [
        { "name": "Infinite Horse EXP", "keyCombo": "Alt+Num3", "type": "toggle" },
        { "name": "Horse EXP Multiplier 2.0", "keyCombo": "Alt+Num4", "type": "toggle" }
      ]
    },

    {
      "name": "Arts / Abilities",
      "cheats": [
        { "name": "Edit Peace 10000", "keyCombo": "Alt+Num1", "type": "toggle" },
        { "name": "Unlock All Arts", "keyCombo": "Alt+Num2", "type": "toggle" }
      ]
    },

    {
      "name": "Resources",
      "cheats": [
        { "name": "Edit Money 999999", "keyCombo": "Ctrl+Num1", "type": "pulse" },
        { "name": "Edit Skill Points 999", "keyCombo": "Ctrl+Num2", "type": "pulse" },
        { "name": "Edit Old Coins 999", "keyCombo": "Ctrl+Num3", "type": "pulse" },
        { "name": "Edit Pyroxenes 999", "keyCombo": "Ctrl+Num4", "type": "pulse" },
        { "name": "Infinite Meat Buns", "keyCombo": "Ctrl+Num5", "type": "toggle" },
        { "name": "Obtain All Portable Items 9", "keyCombo": "Ctrl+Num6", "type": "pulse" }
      ]
    },

    {
      "name": "Weapon Proficiency",
      "cheats": [
        { "name": "Edit Sword Proficiency 99", "keyCombo": "Ctrl+F1", "type": "pulse" },
        { "name": "Edit Spear Proficiency 99", "keyCombo": "Ctrl+F2", "type": "pulse" },
        { "name": "Edit Gauntlets Proficiency 99", "keyCombo": "Ctrl+F3", "type": "pulse" },
        { "name": "Edit Wheels Proficiency 99", "keyCombo": "Ctrl+F4", "type": "pulse" },
        { "name": "Edit Podao Proficiency 99", "keyCombo": "Ctrl+F5", "type": "pulse" },
        { "name": "Edit Staff Proficiency 99", "keyCombo": "Ctrl+F6", "type": "pulse" },
        { "name": "Edit Twin Pikes Proficiency 99", "keyCombo": "Ctrl+F7", "type": "pulse" },
        { "name": "Edit Lance Proficiency 99", "keyCombo": "Ctrl+F8", "type": "pulse" },
        { "name": "Edit Cresent Blade Proficiency 99", "keyCombo": "Ctrl+F9", "type": "pulse" },
        { "name": "Edit Halberd Proficiency 99", "keyCombo": "Ctrl+F10", "type": "pulse" }
      ]
    }

  ]
}
