{
  "trainer_exe": "HollowKnightSilksong_trainer.exe",
  "game_name": "Hollow Knight: Silksong",

  "categories": [
    {
      "name": "Player & Combat",
      "cheats": [
        { "name": "God Mode / Ignore Hits",          "keyCombo": "Num1",         "type": "toggle" },
        { "name": "Infinite Health",                 "keyCombo": "Num2",         "type": "toggle" },
        { "name": "Infinite Silk",                   "keyCombo": "Num3",         "type": "toggle" },
        { "name": "Infinite Tool Usage",             "keyCombo": "Num4",         "type": "toggle" },
        { "name": "Fast Attack",                     "keyCombo": "Num5",         "type": "toggle" },
        { "name": "Infinite Dashes",                 "keyCombo": "Num6",         "type": "toggle" },
        { "name": "Infinite Jumps",                  "keyCombo": "Num7",         "type": "toggle" },

        { "name": "Set Move Speed 2.0",              "keyCombo": "Num8",         "type": "value" },
        { "name": "Set Game Speed 2.5",              "keyCombo": "Num9",         "type": "value" },

        { "name": "Super Damage / One Hit Kills",    "keyCombo": "Num0",         "type": "toggle" },
        { "name": "Damage Multiplier 2.0",           "keyCombo": "NumDel",       "type": "value" }
      ]
    },

    {
      "name": "Resources & Crafting",
      "cheats": [
        { "name": "Infinite Rosaries",               "keyCombo": "Ctrl+Num1",    "type": "toggle" },
        { "name": "Rosary Multiplier 2.0",           "keyCombo": "Ctrl+Num2",    "type": "value" },

        { "name": "Infinite Shell Shards",           "keyCombo": "Ctrl+Num3",    "type": "toggle" },
        { "name": "Shell Shard Multiplier 2.0",      "keyCombo": "Ctrl+Num4",    "type": "value" },

        { "name": "No Crafting Material Requirements", "keyCombo": "Ctrl+Num5",  "type": "toggle" },
        { "name": "Can Equip Tools Anywhere",         "keyCombo": "Ctrl+Num6",   "type": "toggle" }
      ]
    }
  ]
}
