{
  "trainer_exe": "HollowKnightSilksong_trainer.exe",
  "game_name": "Hollow Knight: Silksong",
  "categories": [
    {
      "name": "Main Cheats",
      "cheats": [
        { "name": "God Mode/Ignore Hits", "keyCombo": "NUM1", "type": "toggle" },
        { "name": "Infinite Health", "keyCombo": "NUM2", "type": "toggle" },
        { "name": "Infinite Silk", "keyCombo": "NUM3", "type": "toggle" },
        { "name": "Infinite Tool Usage", "keyCombo": "NUM4", "type": "toggle" },
        { "name": "Fast Attack", "keyCombo": "NUM5", "type": "toggle" },
        { "name": "Infinite Dashes", "keyCombo": "NUM6", "type": "toggle" },
        { "name": "Infinite Jumps", "keyCombo": "NUM7", "type": "toggle" },
        { "name": "Set Move Speed 2.0", "keyCombo": "NUM8", "type": "toggle" },
        { "name": "Set Game Speed 2.5", "keyCombo": "NUM9", "type": "toggle" },
        { "name": "Super Damage/One Hit Kills", "keyCombo": "NUM0", "type": "toggle" },
        { "name": "Damage Multiplier 2.0", "keyCombo": "NUM.", "type": "toggle" }
      ]
    },
    {
      "name": "Inventory Cheats",
      "cheats": [
        { "name": "Infinite Rosaries", "keyCombo": "CTRL+NUM1", "type": "toggle" },
        { "name": "Rosary Multiplier 2.0", "keyCombo": "CTRL+NUM2", "type": "toggle" },
        { "name": "Infinite Shell Shards", "keyCombo": "CTRL+NUM3", "type": "toggle" },
        { "name": "Shell Shard Multiplier 2.0", "keyCombo": "CTRL+NUM4", "type": "toggle" },
        { "name": "No Crafting Requirements", "keyCombo": "CTRL+NUM5", "type": "toggle" },
        { "name": "Equip Tools Anywhere", "keyCombo": "CTRL+NUM6", "type": "toggle" }
      ]
    }
  ]
}
