{
  "trainer_exe": "BlackMythWukong_trainer.exe",
  "game_name": "Black Myth: Wukong",

  "categories": [

    {
      "name": "Player",
      "cheats": [
        { "name": "God Mode / Ignore Hits", "keyCombo": "Num1", "type": "toggle" },
        { "name": "Infinite Health", "keyCombo": "Num2", "type": "toggle" },
        { "name": "Infinite Mana", "keyCombo": "Num3", "type": "toggle" },
        { "name": "Infinite Stamina", "keyCombo": "Num4", "type": "toggle" },
        { "name": "Infinite Focus", "keyCombo": "Num5", "type": "toggle" },
        { "name": "Infinite Gourd Usage", "keyCombo": "Num6", "type": "toggle" },
        { "name": "Instant Spell Cooldown", "keyCombo": "Num7", "type": "toggle" },
        { "name": "Instant Transform Cooldown", "keyCombo": "Num8", "type": "toggle" },
        { "name": "Infinite Transform Duration", "keyCombo": "Num9", "type": "toggle" },
        { "name": "Infinite Spirit Energy", "keyCombo": "Num0", "type": "toggle" },
        { "name": "Infinite Vessel Energy", "keyCombo": "Num.", "type": "toggle" },
        { "name": "Max Critical Hit Chance", "keyCombo": "Num+", "type": "toggle" },
        { "name": "Max Poise", "keyCombo": "Num-", "type": "toggle" },
        { "name": "Prevent Negative Status", "keyCombo": "Num/", "type": "toggle" }
      ]
    },


    {
      "name": "Stats Multipliers",
      "cheats": [
        { "name": "Will Multiplier 2.0", "keyCombo": "Ctrl+Num/", "type": "toggle" },
        { "name": "Exp Multiplier 2.0", "keyCombo": "Ctrl+Num*", "type": "toggle" },
        { "name": "Edit Relic Points 3", "keyCombo": "Ctrl+Num+", "type": "pulse" },
        { "name": "100% Drop Rate", "keyCombo": "Ctrl+Num-", "type": "toggle" }
      ]
    },


    {
      "name": "Combat",
      "cheats": [
        { "name": "Super Damage / One Hit Kills", "keyCombo": "Ctrl+Num1", "type": "toggle" },
        { "name": "Damage Multiplier 2.0", "keyCombo": "Ctrl+Num2", "type": "toggle" },
        { "name": "Defense Multiplier 2.0", "keyCombo": "Ctrl+Num3", "type": "toggle" },
        { "name": "Stamina Consumption Rate 0.5", "keyCombo": "Ctrl+Num4", "type": "toggle" },
        { "name": "Set Game Speed 2.5", "keyCombo": "Ctrl+Num5", "type": "toggle" }
      ]
    },


    {
      "name": "Player Editing",
      "cheats": [
        { "name": "Edit Will 99999999", "keyCombo": "Alt+Num1", "type": "pulse" },
        { "name": "Edit Clicked Item Amount 999", "keyCombo": "Alt+Num2", "type": "pulse" },
        { "name": "Increase Exp 50000", "keyCombo": "Alt+Num3", "type": "pulse" },
        { "name": "Edit Sparks 999", "keyCombo": "Alt+Num4", "type": "pulse" },

        { "name": "Set Player Speed 2.0", "keyCombo": "Alt+Num5", "type": "toggle" },
        { "name": "Set Movement Speed 2.0", "keyCombo": "Alt+Num6", "type": "toggle" },
        { "name": "Set Jump Height 2.0", "keyCombo": "Alt+Num7", "type": "toggle" }
      ]
    },


    {
      "name": "Attributes",
      "cheats": [
        { "name": "Edit Max Health 1000", "keyCombo": "Shift+F1", "type": "pulse" },
        { "name": "Edit Max Mana 1000", "keyCombo": "Shift+F2", "type": "pulse" },
        { "name": "Edit Max Stamina 1000", "keyCombo": "Shift+F3", "type": "pulse" },
        { "name": "Edit Attack 999", "keyCombo": "Shift+F4", "type": "pulse" },
        { "name": "Edit Defense 999", "keyCombo": "Shift+F5", "type": "pulse" },
        { "name": "Edit Stamina Recovery Rate 999", "keyCombo": "Shift+F6", "type": "pulse" },
        { "name": "Edit Critical Hit Chance 100", "keyCombo": "Shift+F7", "type": "pulse" },
        { "name": "Increase Critical Hit Damage 999", "keyCombo": "Shift+F8", "type": "pulse" },
        { "name": "Edit Damage Bonus 999", "keyCombo": "Shift+F9", "type": "pulse" },
        { "name": "Edit Damage Reduction 50", "keyCombo": "Shift+F10", "type": "pulse" }
      ]
    },


    {
      "name": "Resistances",
      "cheats": [
        { "name": "Edit Chill Resistance 999", "keyCombo": "Ctrl+F1", "type": "pulse" },
        { "name": "Edit Burn Resistance 999", "keyCombo": "Ctrl+F2", "type": "pulse" },
        { "name": "Edit Poison Resistance 999", "keyCombo": "Ctrl+F3", "type": "pulse" },
        { "name": "Edit Shock Resistance 999", "keyCombo": "Ctrl+F4", "type": "pulse" }
      ]
    }

  ]
}
