{
  "trainer_exe": "MarvelsAvengers_trainer.exe",
  "game_name": "Marvel's Avengers",

  "categories": [

    {
      "name": "Combat",
      "cheats": [
        { "name": "God Mode / Ignore Hit", "keyCombo": "Num1", "type": "toggle" },
        { "name": "Infinite Health", "keyCombo": "Num2", "type": "toggle" },
        { "name": "Infinite Power", "keyCombo": "Num3", "type": "toggle" },
        { "name": "Infinite Ammo / No Reload", "keyCombo": "Num4", "type": "toggle" },
        { "name": "Skills Instant Cooldown", "keyCombo": "Num5", "type": "toggle" },
        { "name": "Skills / Buff Infinite Duration", "keyCombo": "Num6", "type": "toggle" },
        { "name": "Super Damage / One Hit Kill", "keyCombo": "Num0", "type": "toggle" },
        { "name": "One Hit Destroy Shield", "keyCombo": "Num.", "type": "toggle" },
        { "name": "Damage Multiplier 2.0", "keyCombo": "Num+", "type": "toggle" }
      ]
    },


    {
      "name": "Resources",
      "cheats": [
        { "name": "Infinite Resources", "keyCombo": "Ctrl+Num1", "type": "toggle" }
      ]
    },


    {
      "name": "Experience & Skills",
      "cheats": [
        { "name": "Infinite XP", "keyCombo": "Ctrl+Num3", "type": "toggle" },
        { "name": "XP Multiplier 2.0", "keyCombo": "Ctrl+Num4", "type": "toggle" },

        { "name": "Edit Skill Point 999", "keyCombo": "Ctrl+Num5", "type": "pulse" },
        { "name": "Infinite CXP", "keyCombo": "Ctrl+Num6", "type": "toggle" },
        { "name": "CXP Multiplier 2.0", "keyCombo": "Ctrl+Num7", "type": "toggle" },
        { "name": "Edit Champion Skill Point 999", "keyCombo": "Ctrl+Num8", "type": "pulse" },

        { "name": "Set Game Speed 2.5", "keyCombo": "Ctrl+Num9", "type": "toggle" }
      ]
    }

  ]
}
