{
  "trainer_exe": "Cyberpunk2077_trainer.exe",
  "game_name": "Cyberpunk 2077",

  "categories": [

    {
      "name": "Combat",
      "cheats": [
        { "name": "Infinite Health", "keyCombo": "Numpad1", "type": "toggle" },
        { "name": "Infinite Stamina", "keyCombo": "Numpad2", "type": "toggle" },
        { "name": "Infinite Items/Ammo", "keyCombo": "Numpad3", "type": "toggle" },
        { "name": "Items Won't Decrease", "keyCombo": "Numpad4", "type": "toggle" },
        { "name": "Healing Items No Cooldown", "keyCombo": "Numpad5", "type": "toggle" },
        { "name": "Grenades No Cooldown", "keyCombo": "Numpad6", "type": "toggle" },
        { "name": "Projectile Launch System No Cooldown", "keyCombo": "Numpad*", "type": "toggle" },
        { "name": "No Reload", "keyCombo": "Numpad7", "type": "toggle" },
        { "name": "Super Accuracy", "keyCombo": "Numpad8", "type": "toggle" },
        { "name": "No Recoil", "keyCombo": "Numpad9", "type": "toggle" },
        { "name": "One Hit Kill", "keyCombo": "Numpad0", "type": "toggle" },
        { "name": "Damage Multiplier 2.0", "keyCombo": "Numpad.", "type": "toggle" }
      ]
    },

    {
      "name": "Player Stats",
      "cheats": [
        { "name": "Defense Multiplier 2.0", "keyCombo": "Numpad+", "type": "toggle" },
        { "name": "Stealth Mode", "keyCombo": "Numpad-", "type": "toggle" },

        { "name": "Edit Money 999999", "keyCombo": "Ctrl+Numpad1", "type": "pulse" },
        { "name": "Infinite XP", "keyCombo": "Ctrl+Numpad2", "type": "pulse" },
        { "name": "XP Multiplier 2.0", "keyCombo": "Ctrl+Numpad3", "type": "toggle" },
        { "name": "Infinite Street Cred", "keyCombo": "Ctrl+Numpad4", "type": "toggle" },
        { "name": "Street Cred Multiplier 2.0", "keyCombo": "Ctrl+Numpad5", "type": "toggle" },

        { "name": "Edit Attribute Points 99", "keyCombo": "Ctrl+Numpad8", "type": "pulse" },
        { "name": "Edit Relic Points 99", "keyCombo": "Ctrl+Numpad0", "type": "pulse" },

        { "name": "Ignore Cyberware Capacity", "keyCombo": "Ctrl+Numpad-", "type": "toggle" },
        { "name": "Set Game Speed 2.5", "keyCombo": "Ctrl+Numpad+", "type": "toggle" }
      ]
    },

    {
      "name": "Movement",
      "cheats": [
        { "name": "Set Movement Speed 2.0", "keyCombo": "Alt+Numpad6", "type": "toggle" },
        { "name": "Super Jump", "keyCombo": "Alt+Numpad7", "type": "toggle" },
        { "name": "Infinite Double Jumps", "keyCombo": "Alt+Numpad8", "type": "toggle" },
        { "name": "Enable Fly Mode", "keyCombo": "Shift+PageUp", "type": "toggle" },
        { "name": "Set Fly Height 10", "keyCombo": "Shift+Numpad+", "type": "toggle" },
        { "name": "Set Fly Speed 2.0", "keyCombo": "Shift+Numpad-", "type": "toggle" }
      ]
    },

    {
      "name": "Misc",
      "cheats": [
        { "name": "Infinite RAM", "keyCombo": "Alt+Numpad1", "type": "toggle" },
        { "name": "Freeze Breach Protocol Timer", "keyCombo": "Alt+Numpad2", "type": "toggle" },
        { "name": "Infinite Components", "keyCombo": "Alt+Numpad3", "type": "toggle" },
        { "name": "Infinite Quickhack Components", "keyCombo": "Alt+Numpad4", "type": "toggle" },
        { "name": "Edit Max Carrying Weight 999999", "keyCombo": "Alt+Numpad5", "type": "pulse" },
        { "name": "Freeze Daytime", "keyCombo": "Alt+Numpad.", "type": "toggle" },
        { "name": "Daytime +1 Hour", "keyCombo": "Alt+Numpad+", "type": "pulse" },
        { "name": "Edit Player Level 25", "keyCombo": "Alt+Numpad9", "type": "pulse" },
        { "name": "Edit Street Cred Level 25", "keyCombo": "Alt+Numpad0", "type": "pulse" }
      ]
    },

    {
      "name": "Skills",
      "cheats": [
        { "name": "Edit Headhunter Skill Level 25", "keyCombo": "Shift+F1", "type": "pulse" },
        { "name": "Edit Netrunner Skill Level 25", "keyCombo": "Shift+F2", "type": "pulse" },
        { "name": "Edit Shinobi Skill Level 25", "keyCombo": "Shift+F3", "type": "pulse" },
        { "name": "Edit Solo Skill Level 25", "keyCombo": "Shift+F4", "type": "pulse" },
        { "name": "Edit Engineer Skill Level 25", "keyCombo": "Shift+F5", "type": "pulse" }
      ]
    }
  ]
}
