{
  "trainer_exe": "GodOfWarRagnarok_trainer.exe",
  "game_name": "God of War Ragnarök",

  "categories": [

    {
      "name": "Player",
      "cheats": [
        { "name": "God Mode / Ignore Hits", "keyCombo": "Num1", "type": "toggle" },
        { "name": "Infinite Health", "keyCombo": "Num2", "type": "toggle" },
        { "name": "Edit Max Health 500", "keyCombo": "Num3", "type": "pulse" },
        { "name": "Max Spartan Rage Gauge", "keyCombo": "Num4", "type": "toggle" },
        { "name": "Infinite Spartan Rage Duration", "keyCombo": "Num5", "type": "toggle" },
        { "name": "Infinite Weapon Energy", "keyCombo": "Num6", "type": "toggle" },
        { "name": "Infinite Bow Energy", "keyCombo": "Num7", "type": "toggle" },
        { "name": "Instant Bow Charge", "keyCombo": "Num8", "type": "toggle" }
      ]
    },

    {
      "name": "Companion",
      "cheats": [
        { "name": "Companions: Infinite Arrows & Energy", "keyCombo": "Num9", "type": "toggle" },
        { "name": "Instant Skill Cooldown", "keyCombo": "Num0", "type": "toggle" },
        { "name": "Companions: Instant Skill Cooldown", "keyCombo": "Num.", "type": "toggle" }
      ]
    },

    {
      "name": "Resources & XP",
      "cheats": [
        { "name": "Edit Hacksilver 9999999", "keyCombo": "Alt+Num1", "type": "pulse" },
        { "name": "Hacksilver Multiplier 2.0", "keyCombo": "Alt+Num2", "type": "toggle" },

        { "name": "Edit Fleeting Echoes 999999", "keyCombo": "Alt+Num3", "type": "pulse" },
        { "name": "Edit Mastery Seals 999999", "keyCombo": "Alt+Num4", "type": "pulse" },

        { "name": "Ignore Crafting & Upgrade Requirements", "keyCombo": "Alt+Num5", "type": "toggle" },

        { "name": "Edit Kratos XP 999999", "keyCombo": "Alt+Num6", "type": "pulse" },
        { "name": "Edit Atreus XP 999999", "keyCombo": "Alt+Num7", "type": "pulse" },
        { "name": "Edit Freya XP 999999", "keyCombo": "Alt+Num8", "type": "pulse" },

        { "name": "XP Multiplier 2.0", "keyCombo": "Alt+Num9", "type": "toggle" }
      ]
    },

    {
      "name": "Combat",
      "cheats": [
        { "name": "One Hit Stun", "keyCombo": "Ctrl+Num1", "type": "toggle" },
        { "name": "Stun Multiplier 2.0", "keyCombo": "Ctrl+Num2", "type": "toggle" },
        { "name": "Super Damage / One Hit Kills", "keyCombo": "Ctrl+Num3", "type": "toggle" },
        { "name": "Damage Multiplier 2.0", "keyCombo": "Ctrl+Num4", "type": "toggle" },
        { "name": "Defense Multiplier 2.0", "keyCombo": "Ctrl+Num5", "type": "toggle" },
        { "name": "Set Game Speed 2.5", "keyCombo": "Ctrl+Num6", "type": "toggle" }
      ]
    }

  ]
}
