{
  "trainer_exe": "TheLastOfUsPart2Remastered_trainer.exe",
  "game_name": "The Last of Us Part II Remastered",

  "categories": [

    {
      "name": "Combat",
      "cheats": [
        { "name": "God Mode / Ignore Hits", "keyCombo": "Num1", "type": "toggle" },
        { "name": "Infinite Health", "keyCombo": "Num2", "type": "toggle" },
        { "name": "Infinite Ammo", "keyCombo": "Num3", "type": "toggle" },
        { "name": "No Reload", "keyCombo": "Num4", "type": "toggle" },
        { "name": "Flamethrower No Reload", "keyCombo": "Num5", "type": "toggle" },
        { "name": "Super Accuracy", "keyCombo": "Num6", "type": "toggle" },
        { "name": "No Recoil", "keyCombo": "Num7", "type": "toggle" },
        { "name": "Rapid Fire", "keyCombo": "Num8", "type": "toggle" },
        { "name": "Infinite Shivs", "keyCombo": "Num9", "type": "toggle" },
        { "name": "Infinite Weapon Durability", "keyCombo": "Num0", "type": "toggle" },
        { "name": "Super Damage / One Hit Kills", "keyCombo": "Num.", "type": "toggle" },
        { "name": "Damage Multiplier 2.0", "keyCombo": "Num+", "type": "toggle" },
        { "name": "Defense Multiplier 2.0", "keyCombo": "Num-", "type": "toggle" }
      ]
    },


    {
      "name": "Player",
      "cheats": [
        { "name": "Infinite Stamina", "keyCombo": "Ctrl+Num1", "type": "toggle" },
        { "name": "Infinite Health Kits", "keyCombo": "Ctrl+Num2", "type": "toggle" },
        { "name": "Infinite Throwable Items", "keyCombo": "Ctrl+Num3", "type": "toggle" },
        { "name": "Ignore Crafting Requirements", "keyCombo": "Ctrl+Num4", "type": "toggle" },
        { "name": "Set Game Speed 2.5", "keyCombo": "Ctrl+Num5", "type": "toggle" }
      ]
    },


    {
      "name": "Resources",
      "cheats": [
        { "name": "Edit Supplements (Skill Points) 999", "keyCombo": "Alt+Num1", "type": "pulse" },
        { "name": "Edit Parts 999", "keyCombo": "Alt+Num2", "type": "pulse" },
        { "name": "Edit Alcohol 99", "keyCombo": "Alt+Num3", "type": "pulse" },
        { "name": "Edit Rag 99", "keyCombo": "Alt+Num4", "type": "pulse" },
        { "name": "Edit Sugar 99", "keyCombo": "Alt+Num5", "type": "pulse" },
        { "name": "Edit Explosive 99", "keyCombo": "Alt+Num6", "type": "pulse" },
        { "name": "Edit Binding 99", "keyCombo": "Alt+Num7", "type": "pulse" },
        { "name": "Edit Blade 99", "keyCombo": "Alt+Num8", "type": "pulse" }
      ]
    }

  ]
}
