{
  "trainer_exe": "GhostOfTsushima_trainer.exe",
  "game_name": "Ghost of Tsushima",

  "categories": [

    {
      "name": "Player",
      "cheats": [
        { "name": "Infinite Health", "keyCombo": "Num1", "type": "toggle" },
        { "name": "Infinite Resolve", "keyCombo": "Num2", "type": "toggle" },
        { "name": "Max Ghost Stance Gauge", "keyCombo": "Num3", "type": "toggle" },
        { "name": "Stealth Mode", "keyCombo": "Num4", "type": "toggle" },
        { "name": "Infinite Arrows (Half Bow / Longbow)", "keyCombo": "Num5", "type": "toggle" },
        { "name": "Infinite Darts (Blowgun)", "keyCombo": "Num6", "type": "toggle" },
        { "name": "Infinite Throwables", "keyCombo": "Num7", "type": "toggle" },
        { "name": "Infinite Incendiary Oil (Way of the Flame)", "keyCombo": "Num8", "type": "toggle" },
        { "name": "Easy Break Guard", "keyCombo": "Num9", "type": "toggle" },
        { "name": "Super Damage / One Hit Kills", "keyCombo": "Num0", "type": "toggle" },
        { "name": "Damage Multiplier 2.0", "keyCombo": "Num.", "type": "toggle" },
        { "name": "Defense Multiplier 2.0", "keyCombo": "Num+", "type": "toggle" }
      ]
    },


    {
      "name": "Experience & Skills",
      "cheats": [
        { "name": "Infinite EXP (Legend)", "keyCombo": "Ctrl+Num1", "type": "toggle" },
        { "name": "Infinite Skill Points (Technique Points)", "keyCombo": "Ctrl+Num2", "type": "toggle" },
        { "name": "Fast Unlock Stances", "keyCombo": "Ctrl+Num3", "type": "toggle" },
        { "name": "Edit Max Health 500", "keyCombo": "Ctrl+Num4", "type": "pulse" },
        { "name": "Set Game Speed 2.5", "keyCombo": "Ctrl+Num5", "type": "toggle" }
      ]
    },


    {
      "name": "Teleport",
      "cheats": [
        { "name": "Save Location", "keyCombo": "Ctrl+Num6", "type": "pulse" },
        { "name": "Teleport to Saved Location", "keyCombo": "Ctrl+Num7", "type": "pulse" },
        { "name": "Teleport to Waypoint Location", "keyCombo": "Ctrl+Num8", "type": "pulse" }
      ]
    },


    {
      "name": "Resources",
      "cheats": [
        { "name": "Edit Supplies 999999", "keyCombo": "Alt+Num1", "type": "pulse" },
        { "name": "Edit Flowers 999999", "keyCombo": "Alt+Num2", "type": "pulse" },
        { "name": "Edit Predator Hides 999999", "keyCombo": "Alt+Num3", "type": "pulse" },

        { "name": "Edit Bamboo 999", "keyCombo": "Alt+Num4", "type": "pulse" },
        { "name": "Edit Yew Wood 999", "keyCombo": "Alt+Num5", "type": "pulse" },
        { "name": "Edit Wax Wood 999", "keyCombo": "Alt+Num6", "type": "pulse" },

        { "name": "Edit Iron 999", "keyCombo": "Alt+Num7", "type": "pulse" },
        { "name": "Edit Steel 999", "keyCombo": "Alt+Num8", "type": "pulse" },
        { "name": "Edit Gold 999", "keyCombo": "Alt+Num9", "type": "pulse" },

        { "name": "Edit Linen 999", "keyCombo": "Alt+Num0", "type": "pulse" },
        { "name": "Edit Leather 999", "keyCombo": "Alt+Num.", "type": "pulse" },
        { "name": "Edit Silk 999", "keyCombo": "Alt+Num+", "type": "pulse" },

        { "name": "Edit Ghost Flowers 999999", "keyCombo": "Alt+Num-", "type": "pulse" }
      ]
    }

  ]
}
