{
  "trainer_exe": "CrashBandicootNSaneTrilogy_trainer.exe",
  "game_name": "Crash Bandicoot N. Sane Trilogy",

  "categories": [
    {
      "name": "Player",
      "cheats": [
        { "name": "Add 10 Lives", "keyCombo": "Num1", "type": "pulse" },
        { "name": "Fast Movement Speed", "keyCombo": "Num2", "type": "toggle" },
        { "name": "Slow Motion", "keyCombo": "Num3", "type": "toggle" }
      ]
    },

    {
      "name": "Teleport",
      "cheats": [
        { "name": "Save Location", "keyCombo": "Num.", "type": "toggle" },
        { "name": "Teleport", "keyCombo": "Num+", "type": "toggle" },
        { "name": "Undo Teleport", "keyCombo": "Num-", "type": "toggle" }
      ]
    }
  ]
}
