{
  "trainer_exe": "SilentHillf_trainer.exe",
  "game_name": "Silent Hill f",

  "categories": [
    {
      "name": "Player & Combat",
      "cheats": [
        { "name": "God Mode / Ignore Hits",            "keyCombo": "Num1",         "type": "toggle" },
        { "name": "Infinite Health",                   "keyCombo": "Num2",         "type": "toggle" },
        { "name": "Infinite Stamina",                  "keyCombo": "Num3",         "type": "toggle" },
        { "name": "Infinite Sanity",                   "keyCombo": "Num4",         "type": "toggle" },
        { "name": "Max Bestial Form Gauge",            "keyCombo": "Num5",         "type": "toggle" },
        { "name": "Infinite Weapon Durability",        "keyCombo": "Num6",         "type": "toggle" },
        { "name": "Infinite Consumables",              "keyCombo": "Num7",         "type": "toggle" },
        { "name": "Stealth Mode",                      "keyCombo": "Num8",         "type": "toggle" },

        { "name": "Set Game Speed 2.5",                "keyCombo": "Num9",         "type": "value" },
        { "name": "Super Damage / One Hit Kills",      "keyCombo": "Num0",         "type": "toggle" },

        { "name": "Damage Multiplier 2.0",             "keyCombo": "NumDel",       "type": "value" },
        { "name": "Defense Multiplier 2.0",            "keyCombo": "Num+",         "type": "value" }
      ]
    },

    {
      "name": "Movement & Speed",
      "cheats": [
        { "name": "Set Movement Speed 2.0",            "keyCombo": "Alt+Num1",     "type": "value" },
        { "name": "Set Player Speed 2.0",              "keyCombo": "Alt+Num2",     "type": "value" },
        { "name": "Set AI Speed 0.5",                  "keyCombo": "Alt+Num3",     "type": "value" },
        { "name": "Set FOV 100",                       "keyCombo": "Alt+Num4",     "type": "value" }
      ]
    },

    {
      "name": "Teleport",
      "cheats": [
        { "name": "Save Location",                     "keyCombo": "Ctrl+Num/",    "type": "pulse" },
        { "name": "Teleport",                          "keyCombo": "Ctrl+Num*",    "type": "pulse" },
        { "name": "Undo Teleport",                     "keyCombo": "Ctrl+Num-",    "type": "pulse" }
      ]
    },

    {
      "name": "Stats & Resources",
      "cheats": [
        { "name": "Edit Faith 9999999",                "keyCombo": "Ctrl+Num1",    "type": "pulse" },
        { "name": "Edit Consumables Amount 99",        "keyCombo": "Ctrl+Num2",    "type": "pulse" },

        { "name": "Stamina Cost Rate 0.5",             "keyCombo": "Ctrl+Num3",    "type": "value" },
        { "name": "Sanity Cost Rate 0.5",              "keyCombo": "Ctrl+Num4",    "type": "value" },
        { "name": "Weapon Durability Cost Rate 0.5",   "keyCombo": "Ctrl+Num5",    "type": "value" },

        { "name": "Increase Brightness",               "keyCombo": "Ctrl+Num6",    "type": "toggle" },
        { "name": "Disable Fog",                       "keyCombo": "Ctrl+Num7",    "type": "toggle" }
      ]
    }
  ]
}
