{
  "trainer_exe": "MarvelsSpiderManRemastered_trainer.exe",
  "game_name": "Marvel's Spider-Man Remastered",

  "categories": [
    {
      "name": "Combat & Player",
      "cheats": [
        { "name": "God Mode / Ignore Hits", "keyCombo": "Num1", "type": "toggle" },
        { "name": "Infinite Health", "keyCombo": "Num2", "type": "toggle" },
        { "name": "Edit Max Health 500", "keyCombo": "Num3", "type": "pulse" },
        { "name": "Infinite Focus", "keyCombo": "Num4", "type": "toggle" },
        { "name": "Infinite Gadgets Ammo", "keyCombo": "Num5", "type": "toggle" },
        { "name": "Suit Power Instant Cooldown", "keyCombo": "Num6", "type": "toggle" },
        { "name": "Infinite Suit Power Duration", "keyCombo": "Num7", "type": "toggle" },
        { "name": "Infinite Scan Duration", "keyCombo": "Num8", "type": "toggle" },
        { "name": "Max Combo", "keyCombo": "Num9", "type": "toggle" },
        { "name": "Super Damage / One Hit Kills", "keyCombo": "Num0", "type": "toggle" },
        { "name": "Damage Multiplier 2.0", "keyCombo": "NumDel", "type": "toggle" },
        { "name": "Defense Multiplier 2.0", "keyCombo": "Num+", "type": "toggle" }
      ]
    },

    {
      "name": "Progress & XP",
      "cheats": [
        { "name": "Stealth Mode", "keyCombo": "Ctrl+Num1", "type": "toggle" },
        { "name": "Infinite XP", "keyCombo": "Ctrl+Num2", "type": "toggle" },
        { "name": "XP Multiplier 2.0", "keyCombo": "Ctrl+Num3", "type": "toggle" },
        { "name": "Infinite Skill Points", "keyCombo": "Ctrl+Num4", "type": "toggle" },
        { "name": "Easy Complete Benchmark Challenges", "keyCombo": "Ctrl+Num5", "type": "toggle" },
        { "name": "Freeze Challenge Timer", "keyCombo": "Ctrl+Num6", "type": "toggle" },
        { "name": "Max Challenge Score", "keyCombo": "Ctrl+Num7", "type": "toggle" },
        { "name": "Ignore Crafting Requirements", "keyCombo": "Ctrl+Num8", "type": "toggle" },
        { "name": "Set Game Speed 2.5", "keyCombo": "Ctrl+Num9", "type": "toggle" }
      ]
    },

    {
      "name": "Tokens & Resources",
      "cheats": [
        { "name": "Edit Research Tokens 999", "keyCombo": "Alt+Num1", "type": "pulse" },
        { "name": "Edit Landmark Tokens 999", "keyCombo": "Alt+Num2", "type": "pulse" },
        { "name": "Edit Base Tokens 999", "keyCombo": "Alt+Num3", "type": "pulse" },
        { "name": "Edit Crime Tokens 999", "keyCombo": "Alt+Num4", "type": "pulse" },
        { "name": "Edit Challenge Tokens 999", "keyCombo": "Alt+Num5", "type": "pulse" },
        { "name": "Edit Backpack Tokens 999", "keyCombo": "Alt+Num6", "type": "pulse" }
      ]
    },

    {
      "name": "Teleport",
      "cheats": [
        { "name": "Save Location", "keyCombo": "Alt+Num7", "type": "toggle" },
        { "name": "Teleport", "keyCombo": "Alt+Num8", "type": "toggle" },
        { "name": "Teleport To Waypoint", "keyCombo": "Alt+Num9", "type": "toggle" }
      ]
    }
  ]
}
