{
  "trainer_exe": "RiverCityGirls2_trainer.exe",
  "game_name": "River City Girls 2",
  "categories": [
    {
      "name": "Main Cheats",
      "cheats": [
        { "name": "Health", "keyCombo": "Num1", "type": "toggle" },
        { "name": "Money", "keyCombo": "Num2", "type": "toggle" },
        { "name": "Hits", "keyCombo": "Num3", "type": "toggle" },
        { "name": "Exp", "keyCombo": "Num4", "type": "toggle" },
        { "name": "Easy Kill +3 Shot", "keyCombo": "Num5", "type": "pulse" }
      ]
    }
  ]
}
