{
  "trainer_exe": "ResidentEvil4_trainer.exe",
  "game_name": "Resident Evil 4",
  "categories": [
    {
      "name": "Main Cheats",
      "cheats": [
        { "name": "God Mode/Ignore Hits", "keyCombo": "NUM1", "type": "toggle" },
        { "name": "Infinite Health", "keyCombo": "NUM2", "type": "toggle" },
        { "name": "Edit Max Health 2500", "keyCombo": "NUM3", "type": "toggle" },
        { "name": "Infinite Armor", "keyCombo": "NUM4", "type": "toggle" },
        { "name": "Infinite Items", "keyCombo": "NUM5", "type": "toggle" },
        { "name": "Infinite Ammo", "keyCombo": "NUM6", "type": "toggle" },
        { "name": "No Reload", "keyCombo": "NUM7", "type": "toggle" },
        { "name": "Infinite Knife Durability", "keyCombo": "NUM8", "type": "toggle" },
        { "name": "Set Game Speed 2.5", "keyCombo": "NUM9", "type": "toggle" },
        { "name": "Set Player Movement Speed 2.0", "keyCombo": "NUM0", "type": "toggle" },
        { "name": "Set AI Movement Speed 0.2", "keyCombo": "NUM.", "type": "toggle" },
        { "name": "Easy Kills", "keyCombo": "NUM+", "type": "toggle" },
        { "name": "Damage Multiplier 2.0", "keyCombo": "PAGEUP", "type": "toggle" },
        { "name": "Defense Multiplier 2.0", "keyCombo": "PAGEDOWN", "type": "toggle" }
      ]
    },
    {
      "name": "Secondary Cheats",
      "cheats": [
        { "name": "No Recoil", "keyCombo": "ALT+NUM1", "type": "toggle" },
        { "name": "Super Accuracy", "keyCombo": "ALT+NUM2", "type": "toggle" },
        { "name": "Change FOV 90", "keyCombo": "ALT+NUM3", "type": "toggle" },
        { "name": "Max Shooting Range Score", "keyCombo": "ALT+NUM4", "type": "toggle" },
        { "name": "Edit Gold Tokens 999", "keyCombo": "ALT+NUM5", "type": "toggle" },
        { "name": "Edit Silver Tokens 999", "keyCombo": "ALT+NUM6", "type": "toggle" },
        { "name": "Reset Save Count", "keyCombo": "ALT+NUM7", "type": "toggle" },
        { "name": "Freeze Play Time", "keyCombo": "ALT+NUM8", "type": "toggle" },
        { "name": "Adjust Play Time +/- Minutes -10", "keyCombo": "ALT+NUM9", "type": "pulse" }
      ]
    },
    {
      "name": "Merchant & Currency Cheats",
      "cheats": [
        { "name": "Edit Pesetas 99999999", "keyCombo": "CTRL+NUM1", "type": "toggle" },
        { "name": "Pesetas Multiplier 2.0", "keyCombo": "CTRL+NUM2", "type": "toggle" },
        { "name": "Edit Spinels 999", "keyCombo": "CTRL+NUM3", "type": "toggle" },
        { "name": "Edit Exclusive Upgrade Tickets 9999", "keyCombo": "CTRL+NUM4", "type": "toggle" },
        { "name": "Edit CP 99999999", "keyCombo": "CTRL+NUM5", "type": "toggle" },
        { "name": "Unlock All Extra Content Shop Items", "keyCombo": "CTRL+NUM6", "type": "toggle" },
        { "name": "Easy Crafting", "keyCombo": "CTRL+NUM7", "type": "toggle" }
      ]
    },
    {
      "name": "Mercenaries Mode",
      "cheats": [
        { "name": "Freeze Timer", "keyCombo": "F1", "type": "toggle" },
        { "name": "Freeze Combo Timer", "keyCombo": "F2", "type": "toggle" },
        { "name": "Max Mayhem Gauge", "keyCombo": "F3", "type": "toggle" },
        { "name": "Infinite Mayhem Duration", "keyCombo": "F4", "type": "toggle" },
        { "name": "Max Score", "keyCombo": "F5", "type": "toggle" },
        { "name": "Score Multiplier 2.0", "keyCombo": "F6", "type": "toggle" }
      ]
    }
  ]
}
