{
  "trainer_exe": "NinjaGaiden4_trainer.exe",
  "game_name": "Ninja Gaiden 4",

  "categories": [

    {
      "name": "Player",
      "cheats": [
        { "name": "God Mode / Ignore Hits", "keyCombo": "Num1", "type": "toggle" },
        { "name": "Infinite Health", "keyCombo": "Num2", "type": "toggle" },
        { "name": "Infinite Ki", "keyCombo": "Num3", "type": "toggle" },
        { "name": "Ki Consumption Rate 0.5", "keyCombo": "Num4", "type": "toggle" },
        { "name": "Max Berserk Gauge", "keyCombo": "Num5", "type": "toggle" },
        { "name": "Infinite Berserk State Duration", "keyCombo": "Num6", "type": "toggle" },
        { "name": "Auto Guard / Dodge", "keyCombo": "Num7", "type": "toggle" },
        { "name": "Consumables Won't Decrease", "keyCombo": "Num8", "type": "toggle" },
        { "name": "Set Game Speed 2.5", "keyCombo": "Num9", "type": "toggle" },
        { "name": "Super Damage / One Hit Kills", "keyCombo": "Num0", "type": "toggle" },
        { "name": "Damage Multiplier 2.0", "keyCombo": "Num.", "type": "toggle" },
        { "name": "Defense Multiplier 2.0", "keyCombo": "Num+", "type": "toggle" }
      ]
    },


    {
      "name": "Currency & EXP",
      "cheats": [
        { "name": "Edit Ninja Coin 9999999", "keyCombo": "Ctrl+Num1", "type": "pulse" },
        { "name": "Ninja Coin Multiplier 2.0", "keyCombo": "Ctrl+Num2", "type": "toggle" },

        { "name": "Edit Weapon Exp 9999999", "keyCombo": "Ctrl+Num3", "type": "pulse" },
        { "name": "Weapon Exp Multiplier 2.0", "keyCombo": "Ctrl+Num4", "type": "toggle" },

        { "name": "Karma Multiplier 2.0", "keyCombo": "Ctrl+Num5", "type": "toggle" },
        { "name": "Edit Consumables Amount 9", "keyCombo": "Ctrl+Num6", "type": "pulse" }
      ]
    }

  ]
}
