{
  "trainer_exe": "GodOfWar_trainer.exe",
  "game_name": "God of War",

  "categories": [

    {
      "name": "Player",
      "cheats": [
        { "name": "God Mode / Ignore Hits", "keyCombo": "Num1", "type": "toggle" },
        { "name": "Infinite Health", "keyCombo": "Num2", "type": "toggle" },
        { "name": "Infinite Rage", "keyCombo": "Num3", "type": "toggle" },
        { "name": "Infinite Arrow", "keyCombo": "Num4", "type": "toggle" },
        { "name": "Skills Instant Cooldown", "keyCombo": "Num5", "type": "toggle" },
        { "name": "Ignore Crafting / Upgrade Requirements", "keyCombo": "Num6", "type": "toggle" },
        { "name": "Set Game Speed 2.5", "keyCombo": "Num7", "type": "toggle" },
        { "name": "One Hit Stun", "keyCombo": "Num8", "type": "toggle" },
        { "name": "One Hit Kill", "keyCombo": "Num9", "type": "toggle" },
        { "name": "Damage Multiplier 2.0", "keyCombo": "Num0", "type": "toggle" },
        { "name": "Defense Multiplier 2.0", "keyCombo": "Num.", "type": "toggle" }
      ]
    },

    {
      "name": "Resources",
      "cheats": [
        { "name": "Edit Hacksilver 9999999", "keyCombo": "Ctrl+Num1", "type": "pulse" },
        { "name": "Hacksilver Multiplier 2.0", "keyCombo": "Ctrl+Num2", "type": "toggle" },
        { "name": "Edit XP 9999999", "keyCombo": "Ctrl+Num3", "type": "pulse" },
        { "name": "XP Multiplier 2.0", "keyCombo": "Ctrl+Num4", "type": "toggle" }
      ]
    }

  ]
}
