{
  "trainer_exe": "AceCombat7_trainer.exe",
  "game_name": "Ace Combat 7: Skies Unknown",

  "categories": [
    {
      "name": "Combat & Flight",
      "cheats": [
        { "name": "Invincible",                 "keyCombo": "Num1",        "type": "toggle" },
        { "name": "Infinite Machine Gun Ammo",  "keyCombo": "Num2",        "type": "toggle" },
        { "name": "Infinite Missiles",          "keyCombo": "Num3",        "type": "toggle" },
        { "name": "Missiles No Cooldown",       "keyCombo": "Num4",        "type": "toggle" },
        { "name": "Infinite Flares",            "keyCombo": "Num5",        "type": "toggle" },
        { "name": "Flares No Cooldown",         "keyCombo": "Num6",        "type": "toggle" },
        { "name": "Reset Mission Time",         "keyCombo": "Num7",        "type": "toggle" }
      ]
    },

    {
      "name": "Score & Currency",
      "cheats": [
        { "name": "Max Score",                  "keyCombo": "Num8",        "type": "toggle" },
        { "name": "Infinite MRP",               "keyCombo": "Num9",        "type": "toggle" },
        { "name": "Zero Parts Weight",          "keyCombo": "Num0",        "type": "toggle" }
      ]
    },

    {
      "name": "Advanced",
      "cheats": [
        { "name": "MRP Multiplier",             "keyCombo": "Ctrl+Num1",   "type": "value" }
      ]
    }
  ]
}
