{
  "trainer_exe": "MarvelsSpiderMan2_Trainer.exe",
  "game_name": "Marvel's Spider-Man 2",

  "categories": [

    {
      "name": "Player",
      "cheats": [
        { "name": "God Mode / Ignore Hits", "keyCombo": "Num1", "type": "toggle" },
        { "name": "Infinite Health", "keyCombo": "Num2", "type": "toggle" },
        { "name": "Edit Max Health 500", "keyCombo": "Num3", "type": "pulse" },
        { "name": "Infinite Focus", "keyCombo": "Num4", "type": "toggle" },
        { "name": "Infinite Gadgets Ammo", "keyCombo": "Num5", "type": "toggle" },
        { "name": "Instant Skill Cooldown", "keyCombo": "Num6", "type": "toggle" },
        { "name": "Instant Camouflage Cooldown", "keyCombo": "Num7", "type": "toggle" },
        { "name": "Infinite Camouflage Duration", "keyCombo": "Num8", "type": "toggle" },
        { "name": "Max Combo", "keyCombo": "Num9", "type": "toggle" },
        { "name": "Super Damage / Fast Kills", "keyCombo": "Num0", "type": "toggle" },
        { "name": "Damage Multiplier 2.0", "keyCombo": "Num.", "type": "toggle" },
        { "name": "Defense Multiplier 2.0", "keyCombo": "Num+", "type": "toggle" }
      ]
    },

    {
      "name": "Stealth & Timers",
      "cheats": [
        { "name": "Stealth Mode", "keyCombo": "Ctrl+Num1", "type": "toggle" },
        { "name": "Freeze Challenge Timer", "keyCombo": "Ctrl+Num2", "type": "toggle" }
      ]
    },

    {
      "name": "XP & Tokens",
      "cheats": [
        { "name": "Infinite XP", "keyCombo": "Ctrl+Num3", "type": "pulse" },
        { "name": "XP Multiplier 2.0", "keyCombo": "Ctrl+Num4", "type": "toggle" },
        { "name": "Edit Skill Points 999", "keyCombo": "Ctrl+Num5", "type": "pulse" },
        { "name": "Edit Tech Parts 999", "keyCombo": "Ctrl+Num6", "type": "pulse" },
        { "name": "Edit Rare Tech Parts 999", "keyCombo": "Ctrl+Num7", "type": "pulse" },
        { "name": "Edit City Tokens 999", "keyCombo": "Ctrl+Num8", "type": "pulse" },
        { "name": "Edit Hero Tokens 999", "keyCombo": "Ctrl+Num9", "type": "pulse" }
      ]
    },

    {
      "name": "Game Speed",
      "cheats": [
        { "name": "Set Game Speed 2.5", "keyCombo": "Ctrl+Num0", "type": "toggle" }
      ]
    }
  ]
}
