{
  "trainer_exe": "CrisisCoreFinalFantasyVIIReunion_trainer.exe",
  "game_name": "Crisis Core Final Fantasy VII Reunion",
  "categories": [
    {
      "name": "Main Cheats",
      "cheats": [
        { "name": "God Mode", "keyCombo": "NUM1", "type": "toggle" },
        { "name": "Infinite HP", "keyCombo": "NUM2", "type": "toggle" },
        { "name": "Infinite MP", "keyCombo": "NUM3", "type": "toggle" },
        { "name": "Infinite AP", "keyCombo": "NUM4", "type": "toggle" },
        { "name": "Infinite SP", "keyCombo": "NUM5", "type": "toggle" },
        { "name": "Infinite Quick Bar Items", "keyCombo": "NUM6", "type": "toggle" },
        { "name": "100% Drop Rate", "keyCombo": "NUM7", "type": "toggle" },
        { "name": "Set Game Speed 2.5", "keyCombo": "NUM8", "type": "toggle" },
        { "name": "100% Critical Chance", "keyCombo": "NUM9", "type": "toggle" },
        { "name": "Super Damage/One Hit Kills", "keyCombo": "NUM0", "type": "toggle" },
        { "name": "Damage Multiplier 2.0", "keyCombo": "NUM.", "type": "toggle" },
        { "name": "Defense Multiplier 2.0", "keyCombo": "NUM+", "type": "toggle" }
      ]
    },
    {
      "name": "Player Stats",
      "cheats": [
        { "name": "Edit Gil 9999999", "keyCombo": "CTRL+NUM1", "type": "toggle" },
        { "name": "Gil Multiplier 2.0", "keyCombo": "CTRL+NUM2", "type": "toggle" },
        { "name": "Edit SP 9999999", "keyCombo": "CTRL+NUM3", "type": "toggle" },
        { "name": "SP Multiplier 2.0", "keyCombo": "CTRL+NUM4", "type": "toggle" },
        { "name": "Infinite EXP", "keyCombo": "CTRL+NUM5", "type": "toggle" },
        { "name": "EXP Multiplier 2.0", "keyCombo": "CTRL+NUM6", "type": "toggle" }
      ]
    }
  ]
}
