{
  "trainer_exe": "CrisisCoreFinalFantasyVIIReunion_trainer.exe",
  "game_name": "Crisis Core Final Fantasy VII Reunion",

  "categories": [
    {
      "name": "Player & Combat",
      "cheats": [
        { "name": "God Mode",                           "keyCombo": "Num1",        "type": "toggle" },
        { "name": "Infinite HP",                        "keyCombo": "Num2",        "type": "toggle" },
        { "name": "Infinite MP",                        "keyCombo": "Num3",        "type": "toggle" },
        { "name": "Infinite AP",                        "keyCombo": "Num4",        "type": "toggle" },
        { "name": "Infinite SP",                        "keyCombo": "Num5",        "type": "toggle" },
        { "name": "Infinite Quick Bar Items",           "keyCombo": "Num6",        "type": "toggle" },
        { "name": "100% Drop Rate",                     "keyCombo": "Num7",        "type": "toggle" },

        { "name": "Set Game Speed 2.5",                 "keyCombo": "Num8",        "type": "value" },

        { "name": "100% Critical Chance",               "keyCombo": "Num9",        "type": "toggle" },
        { "name": "Super Damage / One Hit Kills",       "keyCombo": "Num0",        "type": "toggle" },

        { "name": "Damage Multiplier 2.0",              "keyCombo": "NumDel",      "type": "value" },
        { "name": "Defense Multiplier 2.0",             "keyCombo": "Num+",        "type": "value" }
      ]
    },

    {
      "name": "Economy & Resources",
      "cheats": [
        { "name": "Edit Gil 9999999",                   "keyCombo": "Ctrl+Num1",   "type": "pulse" },
        { "name": "Gil Multiplier 2.0",                 "keyCombo": "Ctrl+Num2",   "type": "value" },

        { "name": "Edit SP 9999999",                    "keyCombo": "Ctrl+Num3",   "type": "pulse" },
        { "name": "SP Multiplier 2.0",                  "keyCombo": "Ctrl+Num4",   "type": "value" },

        { "name": "Infinite EXP",                       "keyCombo": "Ctrl+Num5",   "type": "toggle" },
        { "name": "EXP Multiplier 2.0",                 "keyCombo": "Ctrl+Num6",   "type": "value" }
      ]
    },

    {
      "name": "Player Stats",
      "cheats": [
        { "name": "Edit Max HP 9999",                   "keyCombo": "Alt+Num1",    "type": "pulse" },
        { "name": "Edit Max MP 9999",                   "keyCombo": "Alt+Num2",    "type": "pulse" },
        { "name": "Edit Max AP 9999",                   "keyCombo": "Alt+Num3",    "type": "pulse" },

        { "name": "Edit ATK 200",                       "keyCombo": "Alt+Num4",    "type": "pulse" },
        { "name": "Edit VIT 200",                       "keyCombo": "Alt+Num5",    "type": "pulse" },
        { "name": "Edit MAG 200",                       "keyCombo": "Alt+Num6",    "type": "pulse" },
        { "name": "Edit SPR 200",                       "keyCombo": "Alt+Num7",    "type": "pulse" },
        { "name": "Edit LUK 200",                       "keyCombo": "Alt+Num8",    "type": "pulse" }
      ]
    }
  ]
}
