{
  "trainer_exe": "RiverCityGirls_trainer.exe",
  "game_name": "River City Girls",
  "categories": [
    {
      "name": "Main Cheats",
      "cheats": [
        { "name": "Health", "keyCombo": "F1", "type": "toggle" },
        { "name": "Max Health", "keyCombo": "F2", "type": "toggle" },
        { "name": "Energy", "keyCombo": "F3", "type": "toggle" },
        { "name": "Money", "keyCombo": "F4", "type": "toggle" },
        { "name": "Level Up +1 Kill", "keyCombo": "F5", "type": "pulse" }
      ]
    }
  ]
}
